1,2,3,4,5,6,7,8,9,Average
10.406728592598157,29.748949561287034,63.038876893548796,55.84979856722851,20.502438879313846,16.97939928266015,12.543922831395289,7.968688725254614,1,47.72360457774208
9.121403400793104,25.44503880916671,50.92838108559902,56.839247004160775,24.935917869611295,15.663652192257079,10.307764064044152,10.779610382569492,1,56.98362898957391
7.365459931328117,15.149257407543116,36.7593525514256,41.454794656348255,12.575770354137356,10.480935072788114,7.9341036040626545,8.579044235810887,1,25.177653916158526
9.560334722173696,25.429313793337013,64.2635199782894,65.18435395092905,15.119523802024982,17.13038236584344,11.853269591129697,9.346122190513025,1,50.5114362648575
6.606814663663572,17.434161866863572,43.34801033496232,33.98529093593286,11.627553482998906,12.782800945019837,9.276313923105448,6.391400472509918,1,53.80576515662585
4.8270073544588685,9.677293009927931,33.372144072564474,27.45541840875859,8.62554346113913,6.749074010558782,5.286775955154521,7.784600182411426,1,21.732110086079324
15.422386326376342,40.91515611604091,80.80996225713758,72.9163904756674,21.70483817032507,23.716028335284136,19.412624758130985,11.460802764204608,1,57.09105316485103
8.637129152675673,26.251666613759973,52.60560806606079,40.71117782624325,14.815532390029054,11.412712210513327,7.328028384224504,8.84024886527523,1,66.70778516159919
4.376071297408213,7.6452599694189605,38.98717737923585,34.28264867246987,5.987486951969082,6.041522986797286,4.738143096192854,5.0099900199501395,1,22.961296866497868
9.864076236526156,18.005554698481244,51.66478491196881,55.84666507500694,13.021136663133523,13.114877048604,9.492101980067428,10.097029266076236,1,45.32598114560233
8.452810183601665,27.56537683399231,43.953384397563745,41.53071152773571,17.101169550647697,13.955285736952863,10.21518477561713,6.967783004657938,1,47.80908465476628
4.964876634922564,13.694889557787606,35.07135583350036,47.03243561628507,12.854960132182441,9.838699100999074,7.290404652692469,7.106335201775948,1,27.540051960137404
4.919349550499537,19.617594144033056,51.53299913647565,57.12004901958681,13.6106575888162,10.573551910309043,7.8230428862431785,5.928743543112655,1,43.30217748498801
5.882176467941097,13.334166640626627,42.399292446926516,51.862799770162816,11.536897329871667,10.641898326896381,8.408329203831164,8.977750274985375,1,27.166219779533776
9.013878188659973,27.76238462380348,58.86977153004758,45.65413453346805,14.508618128546908,12.77888884058391,10.062305898749054,8.429116205154607,1,50.634531988487055
5.463515351859094,13.696714934611146,25.67099530598687,31.623567161216965,10.86047881080756,8.48528137423857,6.082762530298219,7.155417527999327,1,19.697530879377585
8.752142594816426,19.068298298484844,46.65672513153918,43.15669125408017,13.479614237803691,11.220516922138659,7.771743691090179,8.40535543567314,1,36.163860218763034
3.5425979167836705,7.956129712366434,27.437201023428027,25.5323324433942,8.33966426182733,8.105553651663778,4.2130748865881795,5.034878350069642,1,21.87182073442357
5.357238094391549,18.365728953678914,50.23843150417815,43.48160530615216,11.284945724282416,11.683321445547923,7.816648898345122,6.618156843109719,1,38.83781626380309
8.33966426182733,25.948024973010952,53.82982444704794,55.334889536349486,16.93517050401324,13.219304066402286,10.401922899156675,9.038805230781334,1,52.034127975613046
6.469157595854347,16.880462078983502,36.13793021189786,34.65977495599185,16.27421273057471,13.362260287840527,8.952653238007155,5.92452529743945,1,29.247627816667062
5.937171043518958,16.880462078983502,39.210330271498606,53.40599217316349,14.10319112825179,10.519030373565807,7.3246160308919945,7.483314773547883,1,37.674130241698236
7.92148975887743,22.09524835796149,46.8780332351945,46.77018280913599,9.346122190513025,12.561846997953765,6.648308055437865,9.460443964212251,1,29.32119308553835
5.9833101206606365,18.957847979135185,36.78450760850279,42.812381386697005,17.03378994821763,9.233092656309694,5.389805191284746,8.133265027035575,1,27.252981765316452
8.160882305241266,22.464416306683777,38.90886788381281,36.46916505762094,13.629013170439011,13.011533345459329,8.449852069711044,9.536770941990795,1,37.846687746157805
16.835973390332974,28.50526267200497,11.173629669896886,5.545268253204709,9.085703054799886,14.796959147068021,43.76585427019562,25.12866888635369,2,19.894921049990792
16.112107248898266,24.7275150389197,13.914021704740868,7.797435475847171,10.719141756689293,18.985520798756088,53.532233280519876,23.391237675676763,2,24.25995328101523
15.285614151874958,25.52057993071474,18.090052515125542,9.211405973031479,15.89339485446706,18.402445489662508,43.40334088523601,21.439449619801344,2,22.415343647739054
19.521782705480565,20.793027677565384,11.730302638892145,4.748684028233506,7.024955515873392,15.774980190161887,40.18084120572888,25.447003752897903,2,18.693217112538527
23.34416415295266,30.98144606050531,18.200274723201296,6.862943974709396,13.683932183404009,22.292375378142186,58.667708324085744,28.501754331970513,2,26.974379042434208
14.373586887064759,16.425589791541732,11.05667219374799,4.873397172404482,8.769264507357502,19.367498547824912,60.69102075266159,39.41319575979598,2,28.250601625215516
17.19738352191984,13.621673905948564,10.116817681464859,5.962382074305537,9.682458365518542,19.53970317072396,43.37107330929222,16.665833312498957,2,28.039514536147465
19.806564568344506,35.585109245300906,13.888844444373333,5.727128425310541,10.014988766843425,10.72846680565308,37.1887079635741,24.982994216066256,2,20.8244137642826
12.130539971493437,29.851298129227146,8.83742043811428,4.790615826801393,9.808159868191384,19.13765920900464,47.71739724670657,32.27460301847259,2,28.628798617269418
11.987493482792805,24.742675683927153,10.653637876331258,4.811444689487764,8.526429498916883,13.52405264704334,40.14722904510347,32.82301022148943,2,32.54880661998101
24.298148077579903,11.878552100319297,10.442700800080408,6.41482657598785,7.127411872482185,13.103434664239753,40.568460656031796,31.168092658999846,2,18.965983644117088
12.118168178400563,27.361469258795296,13.878040207464453,6.749074010558782,10.36822067666386,10.504760825454333,34.94209495722888,15.697133496278868,2,23.432613077639353
12.557866060760482,23.960383970212163,13.0,7.768526243760782,8.399404740813482,13.11678314221898,29.37856361362822,33.57901130170452,2,24.63807239899169
23.924882444852262,26.71422841857874,13.311649033834989,6.648308055437865,7.372245248226622,15.472556349873152,48.21047603996459,33.713498780162226,2,26.847369991425154
16.3508409569661,24.111200716679374,14.267095009146045,6.51536645170477,6.96419413859206,12.330855606972293,34.71383009695127,35.37089198762168,2,29.86739986008369
20.34576122930769,21.493022123470677,14.357924641117183,6.2088646305101545,11.18257573191436,14.882876066137216,37.399197852360416,35.59072912992933,2,35.4808105587755
17.46424919657298,19.168985366993216,11.30044246921332,5.89915248150105,12.575770354137356,12.294307625889308,38.54088737950905,24.407990494917847,2,20.56386964842931
23.616731357239086,18.584940139801365,8.5,4.868264577855234,11.178103595869919,11.171392035015153,38.638711158629505,27.134848442547085,2,25.771419468732468
14.996666296213968,15.767054258801801,11.567194992737004,5.431390245600108,9.181503144910424,14.005356118285604,34.14381349527319,18.114910985152534,2,17.598532708009927
14.019629096377694,12.423767544509193,8.73212459828649,3.8535697735995385,7.755643106796495,9.896969233053117,29.503389635768972,20.711108130662637,2,18.38518668457362
21.266170318136737,12.593649193144932,7.880355321938218,3.82099463490856,6.884765791223402,10.99317970379817,34.70518693221519,16.439282222773596,2,18.57519517671811
14.265342617687105,14.145670715805595,11.164676439557038,4.224926034855522,7.085195833567341,15.226621424334422,43.915828581503504,23.147354060453647,2,19.793318141613618
17.187204542915058,13.978555004005242,9.140568910084317,6.012487006222965,5.9455865984779,11.083771921146699,33.3601558749356,26.089269824968273,2,19.822355768347112
14.696938456699069,26.190647185588983,12.24744871391589,5.848076606885378,9.625487000666512,13.392161886715677,26.85609800399157,24.545875417267155,2,25.317572621117712
12.459935794377111,9.058145505565696,8.879752248796134,5.612486080160912,7.566372975210778,9.705668446840743,36.31528603770043,21.303755537463342,2,18.85248750216003
13.95886814895821,9.828529900244492,9.013878188659973,3.8275318418009276,5.585696017507576,9.851395840184273,30.541774670113718,19.82170527477391,2,20.562730406118625
10.428326807307105,14.931510305391079,9.214119599831555,4.272001872658765,7.046275611981127,10.583005244258363,29.222422897494315,20.96544776531138,2,20.393576520042643
64.46045299251317,56.27077394171863,26.264995716732948,16.049922118191105,15.329709716755891,15.469324484281788,17.727097901235837,24.085265205099986,3,44.120536328935394
79.50062892832987,77.1060957382748,29.130739777767403,13.171939872319491,14.737706741552431,11.346805717910216,22.939049675171812,32.273053775557095,3,66.68843483999672
80.22998192695796,74.48019871079829,22.685898703820396,17.40976737351766,20.80144225768973,21.081982828946618,40.43884271341108,40.8295236318035,3,75.79314722453654
95.11939865243052,78.16680881294822,21.68063652202121,14.15450458334731,14.84082207965583,16.76305461424021,17.926237753639217,36.78654645383282,3,58.637496049912826
54.8010036404444,85.09670968962314,36.53423052426313,20.989282979654163,30.004166377354995,27.64597619907823,39.637103829619036,53.61529632483625,3,81.63175925128567
77.65275268784745,78.41364677146447,36.17664992781946,22.364033625444225,20.894975472586705,26.698314553544385,47.981246336459414,51.78175354311594,3,81.7551782305438
62.370666182108394,61.56175760973691,23.536142419691465,12.911235417263523,15.668439615992398,12.517987058628874,17.432727841620196,26.408332018512642,3,48.97737572048384
35.55699649857957,72.59855370460214,22.371857321197094,15.773395322504284,15.034959261667456,15.349267083479914,43.029640946677674,32.20947065693567,3,67.08015565716953
42.81588490268536,63.086844904464826,28.710625210886647,16.62678561839299,23.728674636397205,21.898630094140593,35.82666604639622,33.384127965247195,3,67.8426993045335
42.66380198716472,55.9276318111182,14.720733677368122,5.549774770204643,11.779218989389747,9.749358953285082,12.971121771072847,17.96524422322168,3,52.29974613228354
60.3121049209858,52.19961685683143,13.509256086106296,8.258329128825032,13.503703195790404,14.53272169966796,38.80012886576538,27.066584564735905,3,54.06362433397482
66.81953307229855,64.78502913482404,19.566553094502876,13.5,10.16857905510893,12.188108959145385,24.189873914512244,26.76284738214527,3,58.49232299582775
61.30089722018757,75.4897344014403,19.231484602078957,10.72846680565308,16.459040069214243,15.336231610144651,15.378556499229699,24.148498918152242,3,41.22875870304914
65.4828221749796,62.49519981566584,26.410225292488512,18.326210737629317,19.668502739151243,15.738487856207787,23.221757039466244,32.613647450108985,3,68.99246710855309
54.235136212606676,37.851023764225985,23.569047498785352,14.188023118109161,18.453996857049695,12.22906374175881,13.568345514468593,22.385263009399733,3,50.173111789945935
47.862302493716285,48.354420687254645,17.378147196982766,11.013627921806693,11.80889495253472,11.58015543937127,12.397580409095962,22.932509675131502,3,43.10272222574034
78.87426703304443,81.26807491260021,37.3677668586176,24.71841418861655,26.550894523537245,19.314502323383845,23.889328161335975,42.868986458744274,3,62.96562942821292
66.16116685790843,70.26841395677008,20.3825906106167,12.292273996295396,20.900956915892632,14.923136399564267,39.313483691985375,29.631908477180474,3,52.08044549907159
80.20504971633645,84.09369774245867,45.245441759364006,29.654679226051325,24.720436889343198,23.06404127641121,36.73145790735783,43.2614146786718,3,77.18105584961438
78.49363031482235,86.99051672452579,33.15418525616336,18.70427758562196,21.11752826445368,18.83613548475377,23.89979079406345,52.475708666010405,3,65.75733373721391
45.313353440238785,64.52247670385879,25.74781544131463,11.91007976463634,15.854021571828392,13.158647346897022,21.113976413740733,32.506153263651484,3,75.75649671419231
83.44189595161414,84.30243175614805,32.01015463880173,26.669270706189174,23.914430789797194,18.78563280807969,25.80600705262246,37.35839932331149,3,73.93859544921833
72.8182669390037,69.91852401188115,23.645295515175953,18.170030269650074,15.725775020646836,14.10319112825179,22.85278976405288,37.0621100316752,3,77.11047788401461
23.631546711969577,18.658778095041487,33.36240399012038,28.106938645110393,11.8911731969558,8.32165848854662,32.01874451005224,25.950915205441216,4,25.313464882056984
20.540204478047436,36.36688053710409,28.106049170952506,25.50098037331114,9.195107394696377,11.133283433021905,46.19469666530997,24.504081292715302,4,26.803959509210767
14.613350060817677,40.94020029262192,29.37260628544903,24.497959098667792,14.953260514014994,16.258843747327177,26.436716891475008,20.334699407662754,4,24.999469735989464
26.567837698992367,50.94065174298421,48.857445696638706,33.80162717976754,14.198591479439079,14.989996664442591,47.40991457490722,28.956864471140516,4,29.827046606505434
27.247935701627014,45.84321105681843,35.864327680858594,28.330195904723286,16.501515081955354,14.998333240730451,29.38962401937119,33.647436752299576,4,31.065911542245416
24.725492917230184,12.761269529321916,30.83342342329181,35.031414473298106,10.88806686239573,9.904544411531507,17.404022523543226,16.143109985377663,4,22.383971814504285
28.080242164197944,55.97097462078001,40.92859636000238,27.673091623452553,14.534441853748634,12.381437719424994,26.539593063948814,31.422921570089564,4,31.35225304837533
33.662293445337326,40.98719312175451,32.389041356607024,31.73798985443155,11.933147112141038,11.819475453673906,23.026072179162473,21.757757237362494,4,29.705540738942055
14.676511847165866,30.41792234851026,26.710484832739372,24.828411145298848,14.399652773591452,12.8296531519757,27.763285108214408,18.448577180910185,4,28.283200499865202
13.92300254973761,11.18704608017684,24.42027845869084,23.967686580060246,10.611314715905847,7.58617163001207,14.0089257261219,17.57128339080558,4,22.173911984597403
36.17042991173868,27.302014577682723,47.24245971581073,38.62253228362946,13.468481725866505,11.061193425666147,21.374049686477292,35.08560958569767,4,31.295109431844857
18.3180239108917,26.91839519733671,32.918080138428486,33.34966266695962,12.621410380777577,11.787705459503133,20.549939172659368,24.1805707128678,4,35.98609747529454
19.133739833080202,16.049922118191105,32.54842546114942,27.2213151776324,11.77709641634983,7.752418977325722,16.178689687363438,23.605084198112916,4,24.27485001018595
17.774982419119294,35.91308953571107,29.21900066737396,24.19297418673446,8.532291603080617,6.144102863722254,9.39946807005588,19.693907687404245,4,25.707144682183433
16.847848527334286,20.692993983471798,33.31441129601422,30.94107302599572,10.302912209661887,8.17312669668102,12.359207094308275,13.369741957120938,4,27.567023606365094
11.122050170719426,17.69463195435271,23.743420141167533,23.490423580684958,11.762227680163312,8.179242018671413,8.910667763978186,10.310189135025603,4,27.21574830334034
19.682479518597244,58.73627499254613,33.66749173906485,29.116146723081336,8.854377448471462,9.10494371207203,17.917868176767012,18.282505298782223,4,25.773576025264667
15.319921670818033,34.58540154458236,32.74217463761379,29.67322024991558,12.33288287465668,8.10246875958186,28.521921393903323,23.65375234502974,4,29.39468348649846
17.027918252094118,41.98511641046146,27.254357449773053,31.66543857267731,9.7082439194738,10.604244433244643,36.29393888791901,30.585944484354247,4,21.080337793814216
16.24807680927192,28.788886744714528,36.5937153074131,33.99632333061915,14.20211251891774,11.565033506220377,26.43198819612327,36.50479420569304,4,32.83088095164823
19.304144632694815,33.36615051215828,30.581857366746057,22.833090023034554,13.814847085653899,8.94427190999916,22.596459899727655,30.619438270484324,4,28.414706676826853
17.124543789543708,32.21335126931068,27.204778991934486,27.213048340823562,8.049844718999243,7.92148975887743,28.188650198262422,21.22145141124895,4,25.02306918192906
20.628863274548117,24.443813123160634,41.99761898012791,27.31849190566712,9.44192776926407,11.3754120804479,32.166753022336586,26.636441203734407,4,23.730243917285748
28.721072403376585,34.90487072028773,48.10197501142755,43.62911871674696,18.90634814024115,17.889941307897015,33.531328634576944,18.42823919966311,4,35.473805311207045
19.0473095212946,31.290573660449244,32.17607807051692,25.630060475933334,9.22767576370128,8.136338242723197,16.258843747327177,20.378910667648555,4,20.012251924145307
21.7635015565051,53.849326829589984,42.16574439044092,39.30585198160701,12.876334882255899,9.615092303249096,24.692104001076945,18.471599822430107,4,32.46795622877018
7.661592523751182,12.4056438768812,36.45133742402328,34.66987164671943,12.091319200153471,10.052362906302179,12.64317997973611,15.300326793895612,4,21.40310494472132
35.627236771885634,65.31653695657785,49.8196748283246,39.559448934483406,23.379478180660918,21.789905919943756,26.626115000127225,17.68049773055046,4,37.11466029060142
31.261797773000836,52.36554210547237,35.64617791573173,31.049154577862502,14.53100134195851,10.768008172359455,26.001923005808628,28.48245073725223,4,35.30430175617296
17.515707236649053,30.2539253651489,30.851256052225814,32.32723310151984,15.890248582070704,11.806777714516354,14.599657530229948,23.926972228010797,4,31.688193839691177
17.153716798408443,21.66102490649969,25.65151067676132,25.053941805632103,11.020435563080072,9.033271832508971,14.076576288288285,18.08590611498357,4,28.69058745357598
1.9748417658131499,6.6932802122726045,2.8548204847240397,3.248076353782343,7.321202087089251,5.224940191045253,3.1859064644147983,5.054700782440045,5,
1.7320508075688772,7.687652437513028,2.32379000772445,3.653765181289022,7.021395872616783,4.685082710048992,2.6457513110645907,4.460941604639093,5,
2.5787593916455256,5.253570214625479,2.7477263328068173,3.5425979167836705,5.089204259999788,4.376071297408213,3.4132096331752027,2.932575659723036,5,
2.5787593916455256,4.254409477236529,2.1095023109728985,2.4186773244895647,2.6362852652928135,2.4289915602982237,1.5,3.1304951684997055,5,
2.4392621835300936,3.5496478698597698,3.082207001484488,3.2326459750489227,5.338539126015656,3.6674241641784495,2.539685019840059,3.0659419433511785,5,
2.1447610589527217,3.1859064644147983,1.8027756377319946,2.8372521918222215,4.415880433163924,4.381780460041329,2.9916550603303182,2.4289915602982237,5,
1.857417562100671,4.03732584763727,2.4186773244895647,3.7080992435478315,5.670097000933935,4.9749371855331,3.1859064644147983,2.3021728866442674,5,
1.7320508075688772,3.6193922141707713,1.8303005217723127,3.7349698793966195,5.2583267300539625,3.0903074280724887,3.442382895611701,3.0166206257996713,5,
2.1563858652847827,3.6606010435446255,2.16794833886788,2.692582403567252,4.483302354291979,3.9749213828703582,2.23606797749979,3.0495901363953815,5,
1.9235384061671346,3.52845575287547,2.0371548787463363,2.949576240750525,4.398863489584555,4.722287581247038,2.9664793948382653,2.0124611797498106,5,
2.3021728866442674,3.248076353782343,2.539685019840059,3.63318042491699,5.513619500836088,5.272570530585627,2.8284271247461903,2.6832815729997477,5,
2.4899799195977463,2.7838821814150108,2.449489742783178,3.0983866769659336,4.8425200051213,3.872983346207417,2.247220505424423,2.5495097567963922,5,
2.0976176963403033,2.6172504656604803,2.8548204847240397,3.8144462245521304,4.171330722922842,3.248076353782343,2.8372521918222215,2.0248456731316584,5,
1.9748417658131499,3.721558813185679,2.692582403567252,3.286335345030997,4.795831523312719,4.511097427455985,2.792848008753788,2.7386127875258306,5,
1.466287829861518,2.7202941017470885,2.3979157616563596,2.539685019840059,5.079370039680118,4.312771730569565,2.9748949561287032,3.1304951684997055,5,
2.224859546128699,2.29128784747792,2.4083189157584592,2.5298221281347035,3.1622776601683795,4.09878030638384,2.5298221281347035,2.1213203435596424,5,
2.179449471770337,3.8794329482541645,2.5298221281347035,3.4351128074635335,4.914264950122246,4.8166378315169185,2.756809750418044,2.924038303442689,5,
2.16794833886788,3.924283374069717,2.6457513110645907,4.5,4.716990566028302,4.455333881989093,2.3769728648009427,2.819574435974337,5,
2.1447610589527217,3.6606010435446255,2.355843797877949,2.756809750418044,4.324349662087931,3.943348830626071,2.0371548787463363,2.2693611435820435,5,
1.396424004376894,3.8794329482541645,2.3345235059857505,2.1447610589527217,4.69041575982343,3.5425979167836705,2.04939015319192,2.3769728648009427,5,
1.9235384061671346,2.9748949561287032,1.3038404810405297,4.790615826801393,5.412947441089743,5.830951894845301,3.9115214431215892,2.5199206336708304,5,
2.0976176963403033,2.8722813232690143,2.247220505424423,3.8275318418009276,5.2345009313209605,3.4856850115866753,3.082207001484488,2.2693611435820435,5,
2.0248456731316584,3.449637662132068,2.32379000772445,2.4392621835300936,4.5,3.4641016151377544,2.4186773244895647,2.819574435974337,5,
1.7888543819998317,3.7682887362833544,2.29128784747792,2.932575659723036,3.8987177379235853,3.1543620591175006,2.6076809620810595,2.9664793948382653,5,
1.7320508075688772,2.9832867780352594,2.3874672772626644,2.5298221281347035,4.024922359499621,3.987480407475377,2.4289915602982237,2.3979157616563596,5,
1.6278820596099706,3.892300091205713,2.4289915602982237,3.263433774416144,5.029910535983717,4.934571916590131,3.52845575287547,2.80178514522438,5,
1.8439088914585775,3.1304951684997055,2.280350850198276,2.5,4.4777226354476225,4.642197755374064,2.280350850198276,2.9832867780352594,5,
1.7320508075688772,2.6267851073127395,1.8708286933869707,2.569046515733026,4.312771730569565,4.364630568559039,2.924038303442689,2.5495097567963922,5,
2.7748873851023217,3.391164991562634,2.1563858652847827,5.621387729022079,8.907861696277058,7.622335600063802,3.5,2.9748949561287032,5,
1.9621416870348585,3.6742346141747673,2.355843797877949,3.847076812334269,5.412947441089743,3.7483329627982624,2.280350850198276,2.8372521918222215,5,
2.1095023109728985,4.254409477236529,1.9364916731037085,3.2326459750489227,5.315072906367325,5.554277630799526,2.6362852652928135,2.692582403567252,5,
2.355843797877949,3.7080992435478315,2.449489742783178,3.7013511046643495,4.898979485566356,5.1478150704935,3.1543620591175006,2.8460498941515415,5,
1.70293863659264,3.4351128074635335,2.6645825188948455,2.9154759474226504,4.674398357008098,3.8535697735995385,3.22490309931942,1.9364916731037085,5,
2.1908902300206643,3.03315017762062,1.7320508075688772,2.539685019840059,3.3015148038438356,4.347413023856832,3.4713109915419564,2.7477263328068173,5,
2.29128784747792,3.3015148038438356,1.6278820596099706,2.6645825188948455,3.872983346207417,3.263433774416144,2.2135943621178655,3.0740852297878796,5,
2.1213203435596424,3.9179076048319463,2.2693611435820435,3.138470965295043,4.147288270665544,3.598610843089316,2.4289915602982237,2.8809720581775866,5,
1.746424919657298,3.278719262151,2.5,2.3021728866442674,4.4328320518603,3.146426544510455,2.179449471770337,2.8896366553599777,5,
1.7320508075688772,3.1064449134018135,2.3130067012440754,3.1622776601683795,5.094114250780011,3.9496835316262997,2.7294688127912363,2.588435821108957,5,
2.0,2.898275349237888,2.0976176963403033,2.598076211353316,4.868264577855234,3.2939338184001206,2.924038303442689,3.082207001484488,5,
1.91049731745428,2.8106938645110393,2.355843797877949,3.5777087639996634,3.6193922141707713,3.8013155617496426,2.6362852652928135,2.6362852652928135,5,
2.16794833886788,3.5142566781611158,2.4083189157584592,3.1144823004794873,4.795831523312719,3.7549966711037173,2.3769728648009427,2.4083189157584592,5,
1.5652475842498528,3.170173496829472,2.0,1.816590212458495,2.949576240750525,2.3874672772626644,1.9874606914351791,2.29128784747792,5,
1.5329709716755893,2.7202941017470885,2.224859546128699,2.8460498941515415,3.605551275463989,3.1304951684997055,2.0371548787463363,2.345207879911715,5,
2.3345235059857505,3.22490309931942,1.8303005217723127,2.924038303442689,3.905124837953327,2.479919353527449,2.1330729007701543,2.0248456731316584,5,
1.4142135623730951,2.9832867780352594,2.0371548787463363,2.6076809620810595,3.653765181289022,2.9832867780352594,2.8896366553599777,2.29128784747792,5,
2.479919353527449,3.146426544510455,2.2135943621178655,2.9748949561287032,4.415880433163924,4.272001872658765,2.5592967784139455,2.1330729007701543,5,
2.449489742783178,3.082207001484488,2.701851217221259,3.024896692450835,4.711687595755898,3.987480407475377,2.5787593916455256,2.6457513110645907,5,
2.5592967784139455,2.29128784747792,2.1908902300206643,2.6172504656604803,3.0083217912982647,2.345207879911715,2.355843797877949,2.16794833886788,5,
2.4186773244895647,2.202271554554524,2.9832867780352594,3.687817782917155,4.984977432245807,3.5142566781611158,2.1095023109728985,2.0,5,
1.9748417658131499,2.9832867780352594,2.085665361461421,2.355843797877949,3.924283374069717,4.266145801540309,3.646916505762094,2.4289915602982237,5,
2.5495097567963922,4.301162633521313,2.1563858652847827,3.0083217912982647,3.7616485747608057,3.640054944640259,2.1447610589527217,2.449489742783178,5,
2.224859546128699,3.3241540277189325,1.6278820596099706,2.819574435974337,2.9410882339705484,2.6076809620810595,2.6457513110645907,2.6645825188948455,5,
2.0615528128088303,3.331666249791536,2.2135943621178655,2.6832815729997477,4.904079934095692,4.080441152620633,3.0903074280724887,2.9154759474226504,5,
1.5491933384829668,3.0983866769659336,2.7202941017470885,2.7838821814150108,3.6674241641784495,3.2093613071762426,2.7658633371878665,2.924038303442689,5,
1.6583123951777,3.8794329482541645,2.8372521918222215,3.1937438845342623,5.616938667993447,4.753945729601885,2.224859546128699,3.146426544510455,5,
2.2135943621178655,2.8284271247461903,2.5787593916455256,3.721558813185679,3.905124837953327,3.556683848755748,2.8106938645110393,3.398529093593286,5,
1.7320508075688772,3.146426544510455,2.3130067012440754,1.9748417658131499,4.207136793592526,3.2015621187164243,2.6457513110645907,2.5099800796022267,5,
2.0976176963403033,3.170173496829472,1.91049731745428,3.5496478698597698,5.300943312279429,4.488875137492688,2.6551836094703507,2.5495097567963922,5,
2.073644135332772,2.7838821814150108,2.7658633371878665,2.5099800796022267,4.857983120596447,3.8275318418009276,2.4698178070456938,2.9664793948382653,5,
2.6076809620810595,3.6124783736376886,2.3769728648009427,2.8548204847240397,4.527692569068709,3.8144462245521304,2.756809750418044,2.7477263328068173,5,
1.6881943016134133,2.792848008753788,2.5199206336708304,2.932575659723036,4.159326868617084,3.22490309931942,2.5099800796022267,2.3874672772626644,5,
1.7320508075688772,2.6457513110645907,3.0413812651491097,2.924038303442689,4.5,3.5846896657869842,2.8635642126552705,2.6172504656604803,5,
1.61245154965971,3.40587727318528,2.3874672772626644,2.3664319132398464,4.415880433163924,4.764451699828638,2.8896366553599777,2.8635642126552705,5,
1.9874606914351791,3.7080992435478315,1.8027756377319946,3.591656999213594,5.477225575051661,4.2485291572496005,2.4698178070456938,3.442382895611701,5,
1.816590212458495,3.3466401061363023,2.23606797749979,2.449489742783178,5.229722745997153,4.924428900898052,3.03315017762062,2.9916550603303182,5,
1.4317821063276353,3.5355339059327378,1.9235384061671346,2.7658633371878665,3.1937438845342623,3.2171415884290826,2.819574435974337,2.8284271247461903,5,
2.224859546128699,2.9068883707497264,2.588435821108957,2.073644135332772,4.571651780264984,4.685082710048992,3.442382895611701,2.6267851073127395,5,
2.0615528128088303,3.22490309931942,2.1563858652847827,3.0083217912982647,5.468089245796926,4.6475800154489,2.6076809620810595,2.8896366553599777,5,
1.760681686165901,3.5355339059327378,2.819574435974337,2.345207879911715,4.33589667773576,3.63318042491699,2.1213203435596424,2.8460498941515415,5,
1.9493588689617927,2.8635642126552705,2.4392621835300936,2.3664319132398464,4.324349662087931,2.898275349237888,2.3021728866442674,2.3664319132398464,5,
2.1908902300206643,3.9560080889704965,2.179449471770337,4.636809247747852,3.8535697735995385,3.420526275297414,3.0166206257996713,2.4186773244895647,5,
2.5787593916455256,4.147288270665544,2.5099800796022267,2.958039891549808,3.7080992435478315,3.361547262794322,2.4289915602982237,2.0371548787463363,5,
2.6362852652928135,3.024896692450835,2.258317958127243,2.5495097567963922,2.6362852652928135,2.7202941017470885,2.32379000772445,2.5495097567963922,5,
1.760681686165901,2.819574435974337,2.6362852652928135,3.591656999213594,5.019960159204453,3.840572873934304,2.6551836094703507,2.0371548787463363,5,
2.16794833886788,3.2939338184001206,2.3874672772626644,3.22490309931942,4.09878030638384,3.0,2.29128784747792,3.442382895611701,5,
1.8708286933869707,3.4856850115866753,2.29128784747792,2.7838821814150108,5.224940191045253,4.049691346263317,2.8635642126552705,2.449489742783178,5,
2.1447610589527217,3.8794329482541645,1.8973665961010275,2.3021728866442674,4.764451699828638,4.09878030638384,2.4596747752497685,2.4392621835300936,5,
1.9235384061671346,4.266145801540309,2.4698178070456938,2.7386127875258306,5.0,3.420526275297414,3.0413812651491097,2.355843797877949,5,
2.23606797749979,3.3090784215548594,2.085665361461421,2.9832867780352594,3.681032463861192,2.9916550603303182,3.057776970284131,2.1330729007701543,5,
2.569046515733026,3.4132096331752027,1.91049731745428,2.6172504656604803,2.8635642126552705,3.681032463861192,2.4899799195977463,2.479919353527449,5,
2.4289915602982237,2.479919353527449,2.16794833886788,3.442382895611701,4.685082710048992,5.576737397439475,2.5298221281347035,2.449489742783178,5,
1.857417562100671,2.711088342345192,2.345207879911715,3.924283374069717,4.847679857416329,4.236744032862972,3.3391615714128,2.4392621835300936,5,
2.3345235059857505,3.0495901363953815,2.588435821108957,3.248076353782343,5.176871642217914,3.8078865529319543,2.1447610589527217,2.5298221281347035,5,
2.3345235059857505,2.6739483914241875,2.258317958127243,2.598076211353316,3.872983346207417,3.8858718455450894,3.4641016151377544,1.8708286933869707,5,
1.2041594578792296,2.9410882339705484,3.0083217912982647,3.0903074280724887,6.0909769331364245,5.059644256269407,2.5099800796022267,3.2171415884290826,5,
1.6733200530681511,4.06201920231798,2.29128784747792,2.5099800796022267,4.11703777004778,3.905124837953327,2.3769728648009427,2.4186773244895647,5,
1.51657508881031,3.570714214271425,2.3979157616563596,2.924038303442689,4.8425200051213,2.6172504656604803,2.569046515733026,2.247220505424423,5,
2.202271554554524,3.3391615714128,2.701851217221259,3.5425979167836705,3.9115214431215892,3.7080992435478315,2.179449471770337,2.5787593916455256,5,
2.0371548787463363,3.8340579025361627,2.588435821108957,2.449489742783178,4.092676385936225,3.788139384975162,3.138470965295043,3.1622776601683795,5,
2.16794833886788,3.4856850115866753,3.0166206257996713,3.24037034920393,4.47213595499958,3.6606010435446255,2.5199206336708304,2.5,5,
1.70293863659264,2.9748949561287032,2.479919353527449,3.3541019662496847,3.4856850115866753,3.248076353782343,2.0371548787463363,2.711088342345192,5,
1.760681686165901,3.3090784215548594,2.0248456731316584,3.456877203488721,4.795831523312719,3.146426544510455,2.179449471770337,2.3664319132398464,5,
2.3979157616563596,4.201190307520001,3.0166206257996713,3.24037034920393,3.5142566781611158,3.714835124201342,2.3130067012440754,2.7748873851023217,5,
2.1908902300206643,3.1304951684997055,2.5592967784139455,3.3166247903554,4.153311931459037,3.146426544510455,2.0248456731316584,2.6645825188948455,5,
1.6583123951777,2.9154759474226504,2.0124611797498106,3.286335345030997,4.347413023856832,4.092676385936225,2.569046515733026,2.0248456731316584,5,
2.598076211353316,3.057776970284131,2.5592967784139455,3.1543620591175006,3.681032463861192,3.0903074280724887,2.4899799195977463,2.932575659723036,5,
2.1563858652847827,2.792848008753788,2.1447610589527217,3.9560080889704965,5.300943312279429,4.207136793592526,2.5592967784139455,2.280350850198276,5,
1.8708286933869707,2.958039891549808,2.3130067012440754,2.4596747752497685,3.605551275463989,3.5846896657869842,2.6362852652928135,2.4186773244895647,5,
1.9364916731037085,3.383784863137726,2.3130067012440754,3.6674241641784495,3.570714214271425,3.52845575287547,2.8809720581775866,2.6076809620810595,5,
1.91049731745428,3.361547262794322,2.3979157616563596,3.4713109915419564,5.07444578254611,4.538722287164087,2.0976176963403033,1.8708286933869707,5,
2.3345235059857505,3.278719262151,3.0413812651491097,1.7320508075688772,4.330127018922194,3.5425979167836705,2.449489742783178,2.6457513110645907,5,
1.9364916731037085,2.949576240750525,2.1095023109728985,2.598076211353316,4.5,3.872983346207417,2.0248456731316584,2.3874672772626644,5,
5.761944116355173,8.899438184514796,2.6832815729997477,3.170173496829472,3.591656999213594,2.711088342345192,2.588435821108957,2.7748873851023217,5,
4.012480529547776,4.135214625627067,2.32379000772445,2.692582403567252,4.043513323831146,2.8635642126552705,2.711088342345192,2.8460498941515415,5,
1.70293863659264,2.355843797877949,1.8841443681416772,2.32379000772445,3.6945906403822333,3.492849839314596,2.8460498941515415,2.8284271247461903,5,
2.1563858652847827,4.201190307520001,1.9493588689617927,2.5787593916455256,2.7748873851023217,3.2015621187164243,2.711088342345192,2.80178514522438,5,
14.411800720243116,8.261355820929152,2.598076211353316,2.073644135332772,3.7282703764614498,3.138470965295043,2.224859546128699,4.135214625627067,5,
2.04939015319192,2.932575659723036,2.3021728866442674,2.9410882339705484,4.376071297408213,3.1859064644147983,2.4698178070456938,2.6267851073127395,5,
2.1908902300206643,2.6076809620810595,1.857417562100671,2.3130067012440754,3.024896692450835,2.6832815729997477,2.3130067012440754,2.4596747752497685,5,
2.179449471770337,2.5787593916455256,2.449489742783178,2.756809750418044,3.3241540277189325,3.361547262794322,2.3130067012440754,2.4899799195977463,5,
2.16794833886788,2.924038303442689,2.4596747752497685,2.958039891549808,4.330127018922194,3.9179076048319463,2.9748949561287032,2.819574435974337,5,
2.449489742783178,3.2939338184001206,1.9874606914351791,2.756809750418044,3.8794329482541645,3.2015621187164243,2.7202941017470885,3.0659419433511785,5,
1.7748239349298849,3.0166206257996713,2.0976176963403033,3.248076353782343,4.743416490252569,3.930648801406709,3.1144823004794873,2.3664319132398464,5,
2.179449471770337,3.442382895611701,2.3130067012440754,3.5496478698597698,5.113707070218238,4.219004621945797,3.3541019662496847,2.5,5,
1.4832396974191326,3.840572873934304,2.1908902300206643,3.7416573867739413,4.904079934095692,5.118593556827891,2.949576240750525,2.6076809620810595,5,
1.3601470508735443,3.248076353782343,2.2693611435820435,2.711088342345192,4.33589667773576,3.7282703764614498,3.3466401061363023,2.7294688127912363,5,
1.760681686165901,3.0166206257996713,2.4186773244895647,2.7748873851023217,4.5,3.3241540277189325,2.8896366553599777,1.9748417658131499,5,
2.6645825188948455,2.819574435974337,2.7748873851023217,3.626292872893749,3.6606010435446255,2.3874672772626644,2.819574435974337,2.9154759474226504,5,
2.5592967784139455,3.5,2.1330729007701543,3.7616485747608057,4.049691346263317,3.2015621187164243,3.1064449134018135,2.5199206336708304,5,
2.1908902300206643,2.701851217221259,2.8722813232690143,3.286335345030997,4.06201920231798,3.4856850115866753,2.924038303442689,2.29128784747792,5,
1.7748239349298849,2.7658633371878665,2.179449471770337,3.3689761055846033,5.167204273105526,3.3541019662496847,2.3664319132398464,2.7838821814150108,5,
1.5652475842498528,3.930648801406709,2.32379000772445,3.82099463490856,4.780167361086848,3.7349698793966195,2.598076211353316,3.024896692450835,5,
1.449137674618944,3.1937438845342623,2.3021728866442674,4.06201920231798,5.2583267300539625,3.6193922141707713,1.9621416870348585,2.4596747752497685,5,
1.9748417658131499,3.3689761055846033,2.1095023109728985,2.8106938645110393,3.687817782917155,4.2130748865881795,3.0983866769659336,2.3130067012440754,5,
1.8841443681416772,2.3979157616563596,2.1213203435596424,3.840572873934304,4.631414470763764,3.7013511046643495,2.1908902300206643,2.1330729007701543,5,
1.9874606914351791,2.8372521918222215,2.5592967784139455,3.0083217912982647,3.7416573867739413,3.7682887362833544,2.9154759474226504,2.7658633371878665,5,
1.746424919657298,2.29128784747792,1.746424919657298,2.8106938645110393,3.653765181289022,3.6674241641784495,2.345207879911715,2.6267851073127395,5,
2.32379000772445,3.521363372331802,1.857417562100671,3.146426544510455,4.873397172404482,4.295346318982906,2.3664319132398464,2.6645825188948455,5,
1.378404875209022,3.3763886032268267,2.179449471770337,3.1144823004794873,4.929503017546495,3.5637059362410923,1.8708286933869707,2.32379000772445,5,
2.0124611797498106,3.398529093593286,2.0248456731316584,2.6457513110645907,4.39317652729776,3.9812058474788765,2.6551836094703507,2.258317958127243,5,
2.258317958127243,3.278719262151,1.8708286933869707,2.2135943621178655,3.7013511046643495,3.9496835316262997,2.345207879911715,2.6267851073127395,5,
2.0976176963403033,2.701851217221259,2.1213203435596424,2.4289915602982237,3.8794329482541645,2.5787593916455256,1.9621416870348585,2.9832867780352594,5,
1.7748239349298849,4.201190307520001,2.280350850198276,3.122498999199199,3.63318042491699,4.092676385936225,2.8284271247461903,2.6645825188948455,5,
2.247220505424423,3.687817782917155,4.104875150354759,3.1622776601683795,2.9832867780352594,3.248076353782343,2.0976176963403033,2.0124611797498106,5,
1.816590212458495,3.1304951684997055,2.29128784747792,2.4083189157584592,3.248076353782343,3.6606010435446255,2.898275349237888,2.692582403567252,5,
1.284523257866513,3.456877203488721,2.5592967784139455,2.7477263328068173,3.646916505762094,3.7549966711037173,3.1304951684997055,2.6076809620810595,5,
2.449489742783178,3.271085446759225,2.3874672772626644,2.32379000772445,3.2093613071762426,3.7483329627982624,2.1213203435596424,2.539685019840059,5,
2.247220505424423,2.7477263328068173,1.9493588689617927,2.7658633371878665,3.8275318418009276,3.6742346141747673,2.711088342345192,2.3664319132398464,5,
1.9235384061671346,3.1622776601683795,1.816590212458495,2.4083189157584592,4.701063709417263,3.9937451095431715,2.9068883707497264,2.598076211353316,5,
2.16794833886788,2.6551836094703507,2.6362852652928135,3.170173496829472,3.5496478698597698,3.4132096331752027,2.6739483914241875,3.1144823004794873,5,
2.1095023109728985,2.8284271247461903,2.0615528128088303,2.6362852652928135,3.478505426185217,3.2939338184001206,2.4596747752497685,2.073644135332772,5,
2.1213203435596424,2.6551836094703507,2.16794833886788,2.7294688127912363,3.794733192202055,3.4351128074635335,3.0083217912982647,2.1447610589527217,5,
2.1095023109728985,4.43846820423443,2.711088342345192,4.790615826801393,5.389805191284746,3.6674241641784495,2.7658633371878665,2.280350850198276,5,
1.8973665961010275,3.872983346207417,2.073644135332772,2.7294688127912363,3.8275318418009276,3.556683848755748,2.8635642126552705,2.0615528128088303,5,
2.202271554554524,3.1304951684997055,2.3874672772626644,2.588435821108957,3.82099463490856,3.263433774416144,2.7386127875258306,2.258317958127243,5,
2.085665361461421,2.5099800796022267,1.816590212458495,3.681032463861192,4.8373546489791295,4.318564576337836,2.569046515733026,2.5495097567963922,5,
1.9493588689617927,3.2171415884290826,2.0248456731316584,3.331666249791536,5.770615218501403,4.516635916254486,3.278719262151,2.3664319132398464,5,
2.16794833886788,3.3763886032268267,1.760681686165901,2.3664319132398464,3.9179076048319463,3.138470965295043,2.5199206336708304,2.5298221281347035,5,
2.3021728866442674,3.0413812651491097,2.073644135332772,3.082207001484488,3.9749213828703582,4.919349550499537,2.5298221281347035,2.539685019840059,5,
2.23606797749979,2.6645825188948455,2.0124611797498106,2.7658633371878665,3.1543620591175006,3.3166247903554,2.2135943621178655,2.16794833886788,5,
1.5,3.7080992435478315,2.0976176963403033,2.5787593916455256,3.3015148038438356,2.6645825188948455,2.4392621835300936,2.8635642126552705,5,
2.280350850198276,3.427827300200522,2.949576240750525,2.5,3.8340579025361627,2.9832867780352594,1.9235384061671346,1.9235384061671346,5,
1.9364916731037085,3.2939338184001206,2.792848008753788,3.2093613071762426,3.4856850115866753,2.6551836094703507,2.4083189157584592,2.2135943621178655,5,
2.1908902300206643,2.9068883707497264,1.9493588689617927,2.6551836094703507,4.722287581247038,4.43846820423443,1.8303005217723127,2.3979157616563596,5,
2.1908902300206643,3.427827300200522,2.7294688127912363,3.1144823004794873,4.398863489584555,2.7838821814150108,2.6832815729997477,2.711088342345192,5,
2.202271554554524,3.271085446759225,2.4083189157584592,2.3664319132398464,4.110960958218893,3.478505426185217,2.7202941017470885,2.8372521918222215,5,
1.9874606914351791,3.5142566781611158,2.29128784747792,2.8460498941515415,3.263433774416144,3.3241540277189325,2.9916550603303182,2.3130067012440754,5,
2.0,3.0413812651491097,2.3874672772626644,1.9235384061671346,3.248076353782343,2.7202941017470885,2.258317958127243,2.1447610589527217,5,
1.51657508881031,3.3015148038438356,1.9493588689617927,2.8284271247461903,4.1952353926806065,3.9937451095431715,2.1563858652847827,1.8708286933869707,5,
2.29128784747792,3.0495901363953815,2.4186773244895647,2.8635642126552705,4.2485291572496005,3.5425979167836705,2.23606797749979,2.1908902300206643,5,
2.4289915602982237,2.6362852652928135,1.5968719422671311,2.3130067012440754,5.229722745997153,3.8987177379235853,3.1780497164141406,2.29128784747792,5,
2.247220505424423,2.8896366553599777,1.6733200530681511,2.9748949561287032,4.381780460041329,3.721558813185679,1.8841443681416772,2.3769728648009427,5,
1.8708286933869707,2.7294688127912363,2.3021728866442674,2.7202941017470885,3.8794329482541645,2.8284271247461903,1.7888543819998317,1.9235384061671346,5,
2.1908902300206643,3.3090784215548594,2.280350850198276,2.3979157616563596,3.9812058474788765,4.104875150354759,2.5199206336708304,2.224859546128699,5,
2.073644135332772,2.8548204847240397,2.4899799195977463,2.5199206336708304,3.687817782917155,2.7294688127912363,2.355843797877949,2.701851217221259,5,
2.073644135332772,2.792848008753788,2.1447610589527217,2.6267851073127395,3.653765181289022,2.5298221281347035,2.345207879911715,1.8973665961010275,5,
1.9364916731037085,2.7838821814150108,2.692582403567252,1.816590212458495,3.478505426185217,2.80178514522438,2.7477263328068173,1.7175564037317668,5,
1.9874606914351791,2.7838821814150108,1.9621416870348585,2.0124611797498106,3.646916505762094,4.153311931459037,2.1908902300206643,2.32379000772445,5,
1.6733200530681511,3.556683848755748,2.539685019840059,2.3979157616563596,3.122498999199199,3.5355339059327378,2.9068883707497264,2.5787593916455256,5,
1.7888543819998317,2.3979157616563596,2.179449471770337,2.3345235059857505,2.8460498941515415,2.1908902300206643,2.0124611797498106,2.0248456731316584,5,
1.7175564037317668,2.6551836094703507,2.449489742783178,2.932575659723036,3.7080992435478315,3.96232255123179,2.179449471770337,1.91049731745428,5,
1.816590212458495,2.8460498941515415,1.6733200530681511,3.2939338184001206,3.3090784215548594,3.3241540277189325,2.7202941017470885,2.085665361461421,5,
2.32379000772445,2.8896366553599777,2.280350850198276,2.5,3.640054944640259,3.6193922141707713,2.6172504656604803,2.280350850198276,5,
2.3979157616563596,2.23606797749979,2.2693611435820435,3.361547262794322,3.82099463490856,3.0740852297878796,2.179449471770337,2.598076211353316,5,
1.7748239349298849,2.5298221281347035,2.4289915602982237,2.4899799195977463,3.847076812334269,3.605551275463989,2.6739483914241875,1.9493588689617927,5,
2.1563858652847827,2.7294688127912363,2.1908902300206643,2.756809750418044,3.3689761055846033,2.819574435974337,2.7386127875258306,2.1908902300206643,5,
1.746424919657298,2.7477263328068173,1.9621416870348585,2.6739483914241875,4.410215414239989,4.236744032862972,3.4713109915419564,2.0615528128088303,5,
2.0976176963403033,3.278719262151,2.085665361461421,2.085665361461421,3.420526275297414,4.159326868617084,2.085665361461421,2.355843797877949,5,
2.5099800796022267,3.278719262151,2.0,2.8635642126552705,3.271085446759225,3.2015621187164243,2.1908902300206643,2.4596747752497685,5,
2.0248456731316584,3.122498999199199,2.479919353527449,2.7202941017470885,4.847679857416329,4.883646178829912,2.958039891549808,2.5099800796022267,5,
1.5652475842498528,3.170173496829472,2.0976176963403033,2.5495097567963922,3.605551275463989,3.5496478698597698,2.958039891549808,1.816590212458495,5,
1.51657508881031,2.6267851073127395,2.3664319132398464,2.32379000772445,3.398529093593286,3.1859064644147983,2.202271554554524,2.4289915602982237,5,
2.258317958127243,3.478505426185217,2.8106938645110393,2.247220505424423,4.266145801540309,2.8635642126552705,2.6172504656604803,2.5298221281347035,5,
2.1330729007701543,4.006245124802026,2.5787593916455256,3.0166206257996713,5.403702434442518,4.370354676682432,2.7202941017470885,2.224859546128699,5,
1.6583123951777,4.129164564412516,2.588435821108957,1.9874606914351791,2.9748949561287032,3.0413812651491097,1.816590212458495,2.6457513110645907,5,
2.7386127875258306,3.6193922141707713,2.32379000772445,3.082207001484488,4.674398357008098,4.201190307520001,2.4698178070456938,2.6172504656604803,5,
2.1213203435596424,3.794733192202055,1.3416407864998738,3.255764119219941,2.6739483914241875,3.2171415884290826,2.6832815729997477,2.2135943621178655,5,
1.4832396974191326,3.1937438845342623,2.3979157616563596,2.5199206336708304,4.347413023856832,3.138470965295043,2.5592967784139455,2.6172504656604803,5,
2.345207879911715,3.82099463490856,2.3664319132398464,2.32379000772445,3.8013155617496426,3.521363372331802,1.9748417658131499,2.0,5,
2.3345235059857505,3.6674241641784495,2.0124611797498106,2.3021728866442674,3.0659419433511785,2.8460498941515415,2.3345235059857505,2.8548204847240397,5,
2.0615528128088303,3.626292872893749,2.0248456731316584,2.4083189157584592,3.0903074280724887,3.478505426185217,2.32379000772445,2.4596747752497685,5,
2.1095023109728985,3.0983866769659336,1.8439088914585775,3.1937438845342623,4.636809247747852,3.3015148038438356,2.6739483914241875,2.5592967784139455,5,
1.7748239349298849,3.492849839314596,1.760681686165901,2.819574435974337,4.421538193886829,3.456877203488721,2.4392621835300936,1.7175564037317668,5,
2.3021728866442674,3.7616485747608057,1.6733200530681511,2.5298221281347035,4.012480529547776,3.1543620591175006,2.5495097567963922,2.3021728866442674,5,
2.588435821108957,2.9664793948382653,2.04939015319192,2.588435821108957,3.2939338184001206,3.146426544510455,2.5592967784139455,3.024896692450835,5,
2.0,2.0124611797498106,2.224859546128699,3.605551275463989,3.721558813185679,3.024896692450835,3.2093613071762426,2.5787593916455256,5,
2.073644135332772,2.6739483914241875,2.4186773244895647,3.40587727318528,3.1780497164141406,3.714835124201342,2.6267851073127395,2.8372521918222215,5,
2.3769728648009427,3.591656999213594,2.0976176963403033,2.598076211353316,3.456877203488721,3.591656999213594,3.146426544510455,2.8548204847240397,5,
1.70293863659264,3.5,1.6733200530681511,2.1908902300206643,2.569046515733026,2.5787593916455256,2.345207879911715,2.9832867780352594,5,
1.5811388300841898,2.8548204847240397,2.1330729007701543,2.1213203435596424,3.8340579025361627,3.872983346207417,2.9748949561287032,2.6551836094703507,5,
2.0248456731316584,3.398529093593286,2.0371548787463363,3.449637662132068,5.014977567247933,3.8340579025361627,2.073644135332772,1.91049731745428,5,
2.588435821108957,3.1304951684997055,2.0976176963403033,2.3130067012440754,4.207136793592526,3.1937438845342623,1.7320508075688772,2.711088342345192,5,
1.91049731745428,2.932575659723036,2.224859546128699,3.640054944640259,4.230839160261236,3.7616485747608057,2.355843797877949,2.4899799195977463,5,
1.6278820596099706,3.987480407475377,2.6832815729997477,2.16794833886788,2.819574435974337,2.9916550603303182,1.466287829861518,2.0,5,
1.5968719422671311,3.6606010435446255,2.598076211353316,2.539685019840059,2.8284271247461903,3.263433774416144,1.9874606914351791,2.9410882339705484,5,
2.29128784747792,4.177319714841085,2.479919353527449,2.247220505424423,2.9748949561287032,3.442382895611701,2.569046515733026,3.0659419433511785,5,
1.7320508075688772,4.159326868617084,2.6267851073127395,2.4392621835300936,3.427827300200522,3.924283374069717,2.1330729007701543,2.9068883707497264,5,
1.6431676725154984,3.1859064644147983,2.701851217221259,2.711088342345192,3.905124837953327,3.840572873934304,2.4289915602982237,2.4698178070456938,5,
1.9874606914351791,3.6742346141747673,2.4083189157584592,2.0124611797498106,3.8987177379235853,3.0983866769659336,2.3769728648009427,2.0976176963403033,5,
2.5199206336708304,4.538722287164087,2.355843797877949,3.3391615714128,4.024922359499621,4.110960958218893,3.24037034920393,2.7658633371878665,5,
1.6431676725154984,4.527692569068709,2.7658633371878665,2.9832867780352594,4.370354676682432,3.478505426185217,2.6267851073127395,2.3874672772626644,5,
1.857417562100671,3.687817782917155,1.466287829861518,2.1095023109728985,4.69041575982343,3.2939338184001206,2.4083189157584592,2.711088342345192,5,
2.280350850198276,3.7616485747608057,2.224859546128699,3.0083217912982647,4.598912915026768,4.2485291572496005,2.6645825188948455,3.122498999199199,5,
2.3130067012440754,4.544227107000705,2.924038303442689,3.024896692450835,6.248999919987197,4.626013402488151,3.605551275463989,3.0166206257996713,5,
1.8841443681416772,4.183300132670378,1.8027756377319946,2.1330729007701543,4.312771730569565,3.2015621187164243,2.3979157616563596,2.756809750418044,5,
2.1908902300206643,3.4351128074635335,2.202271554554524,3.383784863137726,4.711687595755898,4.165333119931706,3.5142566781611158,3.0740852297878796,5,
2.479919353527449,3.866522985836241,1.857417562100671,2.756809750418044,4.6097722286464435,3.5846896657869842,2.8896366553599777,3.0659419433511785,5,
1.9874606914351791,4.312771730569565,2.1095023109728985,2.4186773244895647,4.153311931459037,3.1780497164141406,2.345207879911715,2.6457513110645907,5,
2.0976176963403033,3.9496835316262997,2.6267851073127395,2.8106938645110393,4.183300132670378,2.949576240750525,2.5592967784139455,3.3391615714128,5,
2.280350850198276,3.442382895611701,2.819574435974337,2.9832867780352594,3.5425979167836705,3.6945906403822333,2.0,2.9832867780352594,5,
2.224859546128699,4.018706259482023,1.816590212458495,2.5199206336708304,3.774917217635375,2.7386127875258306,2.6551836094703507,2.3664319132398464,5,
2.0615528128088303,3.3166247903554,2.280350850198276,2.29128784747792,4.727578661429125,3.2171415884290826,2.355843797877949,2.355843797877949,5,
2.0124611797498106,3.255764119219941,2.5,2.1447610589527217,2.8896366553599777,3.7282703764614498,2.5495097567963922,2.2135943621178655,5,
2.073644135332772,3.6124783736376886,2.4392621835300936,3.22490309931942,3.626292872893749,3.840572873934304,3.52845575287547,2.4289915602982237,5,
2.04939015319192,3.3090784215548594,2.4392621835300936,2.6076809620810595,4.522167621838006,4.959838707054898,2.6076809620810595,2.6645825188948455,5,
1.91049731745428,3.1780497164141406,2.8896366553599777,2.6172504656604803,4.05585995813465,3.8144462245521304,2.7748873851023217,2.7748873851023217,5,
2.449489742783178,2.4083189157584592,1.9235384061671346,2.5592967784139455,5.029910535983717,3.9560080889704965,2.0976176963403033,2.4186773244895647,5,
2.3979157616563596,2.6551836094703507,2.5495097567963922,2.5199206336708304,3.4641016151377544,2.6832815729997477,2.345207879911715,2.3769728648009427,5,
2.0248456731316584,2.569046515733026,2.224859546128699,3.4132096331752027,4.674398357008098,3.3689761055846033,2.7838821814150108,2.5495097567963922,5,
2.3345235059857505,2.7748873851023217,3.1304951684997055,2.5495097567963922,4.743416490252569,3.146426544510455,2.3874672772626644,3.248076353782343,5,
1.6431676725154984,2.5099800796022267,2.2135943621178655,2.5298221281347035,3.478505426185217,2.539685019840059,2.9916550603303182,1.760681686165901,5,
2.04939015319192,2.7294688127912363,1.6431676725154984,2.7294688127912363,5.079370039680118,3.2093613071762426,2.6832815729997477,1.9235384061671346,5,
1.7748239349298849,2.756809750418044,3.146426544510455,3.788139384975162,7.151922818375489,5.594640292279746,3.1304951684997055,2.224859546128699,5,
1.8027756377319946,2.588435821108957,1.8973665961010275,2.5099800796022267,3.570714214271425,2.8896366553599777,2.701851217221259,2.073644135332772,5,
2.085665361461421,3.0495901363953815,2.6645825188948455,2.9068883707497264,3.8858718455450894,3.391164991562634,2.345207879911715,3.4713109915419564,5,
2.202271554554524,2.8460498941515415,2.1330729007701543,3.057776970284131,3.2015621187164243,2.8635642126552705,3.024896692450835,3.1064449134018135,5,
2.0976176963403033,3.8013155617496426,2.6457513110645907,2.2693611435820435,3.7815340802378077,3.138470965295043,2.4899799195977463,2.4392621835300936,5,
1.7888543819998317,3.5637059362410923,2.073644135332772,3.1780497164141406,5.504543577809154,4.364630568559039,2.958039891549808,2.4186773244895647,5,
2.0615528128088303,4.3531597719357835,2.4186773244895647,2.479919353527449,4.685082710048992,3.0659419433511785,2.6172504656604803,3.082207001484488,5,
2.3874672772626644,3.4856850115866753,2.449489742783178,2.819574435974337,2.588435821108957,2.449489742783178,1.5652475842498528,2.4392621835300936,5,
1.9621416870348585,3.1543620591175006,1.760681686165901,2.6739483914241875,2.898275349237888,2.6172504656604803,2.819574435974337,2.3021728866442674,5,
2.1330729007701543,5.894913061275798,2.9916550603303182,2.80178514522438,2.9664793948382653,2.9068883707497264,2.9068883707497264,3.0903074280724887,5,
2.2135943621178655,2.949576240750525,1.9874606914351791,2.0,3.598610843089316,3.3166247903554,2.8106938645110393,2.9410882339705484,5,
1.91049731745428,3.1304951684997055,2.280350850198276,3.9560080889704965,3.3241540277189325,3.0413812651491097,3.138470965295043,3.0413812651491097,5,
1.70293863659264,2.9832867780352594,2.5199206336708304,2.32379000772445,3.8987177379235853,2.9068883707497264,2.4083189157584592,3.1064449134018135,5,
2.3769728648009427,3.774917217635375,2.355843797877949,3.122498999199199,5.630275304103699,4.324349662087931,2.9068883707497264,2.792848008753788,5,
2.1563858652847827,4.080441152620633,2.224859546128699,2.4596747752497685,4.0743097574926725,3.024896692450835,3.456877203488721,3.361547262794322,5,
3.0903074280724887,9.027735042633894,3.0495901363953815,2.924038303442689,3.0413812651491097,2.449489742783178,2.29128784747792,2.355843797877949,5,
4.242640687119285,16.261918705983007,10.917875251164945,3.271085446759225,5.157518783291051,3.271085446759225,2.7658633371878665,2.449489742783178,5,
2.0976176963403033,3.7282703764614498,2.3345235059857505,2.958039891549808,3.4641016151377544,2.5592967784139455,1.8973665961010275,2.9832867780352594,5,
2.2135943621178655,5.07444578254611,1.760681686165901,3.1859064644147983,4.893873721296862,3.9370039370059056,2.756809750418044,2.924038303442689,5,
2.569046515733026,5.371219600798314,3.1304951684997055,3.1937438845342623,3.598610843089316,3.1543620591175006,3.1622776601683795,3.22490309931942,5,
3.0495901363953815,8.411301920630361,3.840572873934304,2.692582403567252,3.847076812334269,3.5142566781611158,2.8548204847240397,3.22490309931942,5,
2.073644135332772,3.442382895611701,1.8841443681416772,2.4596747752497685,4.5,2.949576240750525,1.9874606914351791,3.2939338184001206,5,
2.32379000772445,4.09878030638384,2.539685019840059,2.8372521918222215,3.52845575287547,2.280350850198276,2.6172504656604803,3.9812058474788765,5,
2.0976176963403033,3.7349698793966195,1.8708286933869707,2.0248456731316584,3.3541019662496847,2.32379000772445,2.1447610589527217,3.146426544510455,5,
2.6172504656604803,3.0495901363953815,2.6267851073127395,2.0248456731316584,4.669047011971501,3.2326459750489227,2.5787593916455256,3.3466401061363023,5,
1.9621416870348585,3.5777087639996634,2.5298221281347035,3.331666249791536,3.653765181289022,2.6645825188948455,2.3979157616563596,2.756809750418044,5,
2.073644135332772,3.391164991562634,1.9748417658131499,2.9154759474226504,3.5071355833500366,3.0983866769659336,3.4132096331752027,3.0659419433511785,5,
2.4698178070456938,3.2171415884290826,2.4186773244895647,2.0371548787463363,3.255764119219941,1.91049731745428,2.3345235059857505,3.8535697735995385,5,
1.6583123951777,2.949576240750525,2.8106938645110393,2.924038303442689,4.527692569068709,3.6606010435446255,2.4698178070456938,2.224859546128699,5,
2.04939015319192,2.449489742783178,2.04939015319192,2.4289915602982237,3.6674241641784495,2.4392621835300936,1.8027756377319946,2.3979157616563596,5,
2.3130067012440754,3.7815340802378077,2.0,2.3345235059857505,3.4641016151377544,3.626292872893749,2.588435821108957,2.7838821814150108,5,
1.466287829861518,2.692582403567252,1.8439088914585775,2.4698178070456938,3.521363372331802,3.1304951684997055,3.3166247903554,3.122498999199199,5,
2.085665361461421,3.714835124201342,2.179449471770337,2.6645825188948455,4.924428900898052,3.8987177379235853,2.8460498941515415,2.569046515733026,5,
2.0124611797498106,2.5199206336708304,2.3874672772626644,3.0740852297878796,3.521363372331802,3.3166247903554,2.9068883707497264,2.5199206336708304,5,
2.4083189157584592,2.6172504656604803,2.355843797877949,2.085665361461421,3.943348830626071,3.2939338184001206,2.711088342345192,2.8809720581775866,5,
1.4832396974191326,3.255764119219941,2.6362852652928135,3.1780497164141406,3.9179076048319463,3.1064449134018135,2.2693611435820435,2.2135943621178655,5,
2.479919353527449,2.3874672772626644,1.9621416870348585,3.3541019662496847,4.811444689487764,3.605551275463989,2.7294688127912363,2.8548204847240397,5,
2.0371548787463363,2.701851217221259,2.8722813232690143,3.248076353782343,3.0413812651491097,2.9916550603303182,2.7658633371878665,2.7838821814150108,5,
1.746424919657298,2.8460498941515415,2.247220505424423,2.4083189157584592,4.9899899799498595,4.370354676682432,2.355843797877949,2.8548204847240397,5,
2.598076211353316,3.286335345030997,2.5,2.3021728866442674,3.9812058474788765,2.8284271247461903,2.9664793948382653,2.7838821814150108,5,
2.4392621835300936,3.449637662132068,1.8841443681416772,2.7748873851023217,3.5496478698597698,2.9410882339705484,2.23606797749979,2.479919353527449,5,
2.3021728866442674,3.3391615714128,2.1563858652847827,3.0413812651491097,3.057776970284131,3.7483329627982624,2.7477263328068173,2.6832815729997477,5,
2.1908902300206643,3.598610843089316,3.122498999199199,3.5,5.621387729022079,4.08656334834051,2.6267851073127395,2.345207879911715,5,
2.0,3.1780497164141406,2.4698178070456938,2.9068883707497264,5.305657357952923,3.7416573867739413,2.449489742783178,2.588435821108957,5,
1.8841443681416772,3.138470965295043,2.5099800796022267,3.9560080889704965,4.852834223420372,4.165333119931706,3.2093613071762426,2.6172504656604803,5,
1.746424919657298,2.4289915602982237,1.5,2.701851217221259,2.9154759474226504,3.271085446759225,2.355843797877949,2.3345235059857505,5,
2.5099800796022267,3.4351128074635335,2.3130067012440754,2.3769728648009427,4.306971093471606,3.521363372331802,2.569046515733026,2.3021728866442674,5,
2.4186773244895647,3.255764119219941,2.1447610589527217,2.7202941017470885,4.080441152620633,3.361547262794322,2.224859546128699,2.3130067012440754,5,
2.4289915602982237,3.1780497164141406,2.898275349237888,3.0413812651491097,4.306971093471606,3.0166206257996713,2.3021728866442674,2.7386127875258306,5,
1.9235384061671346,3.6606010435446255,2.1908902300206643,3.248076353782343,6.012487006222965,5.527205442174192,3.3015148038438356,2.898275349237888,5,
2.0976176963403033,3.3689761055846033,1.6733200530681511,2.0976176963403033,3.640054944640259,3.687817782917155,2.3874672772626644,1.9874606914351791,5,
2.3664319132398464,3.0659419433511785,2.073644135332772,2.711088342345192,4.33589667773576,4.018706259482023,2.3769728648009427,2.2135943621178655,5,
1.8973665961010275,2.3874672772626644,2.4186773244895647,3.024896692450835,5.191338940966964,4.427188724235731,2.5,2.4289915602982237,5,
2.4392621835300936,3.3689761055846033,2.8635642126552705,3.6124783736376886,5.852349955359813,5.296225070746145,3.442382895611701,3.331666249791536,5,
1.9493588689617927,3.122498999199199,2.3979157616563596,2.479919353527449,4.522167621838006,3.3090784215548594,2.8106938645110393,3.398529093593286,5,
